1,Alexandre,7034 Namekagon Avenue
2,Starr,30 Springview Parkway
3,Franky,51 Golden Leaf Terrace
4,Jeannine,6175 Almo Plaza
5,Clay,6 Algoma Way
6,Marketa,3 Schiller Terrace
7,Stearn,9 Fairfield Court
8,Danie,7510 Farragut Place
9,Irene,74573 Arrowood Circle
10,Debora,728 Steensland Crossing
11,Catharina,4 Esker Court
12,Malory,48667 Scoville Parkway
13,Ben,0691 Pine View Pass
14,Andriana,37479 Karstens Terrace
15,Veronike,6056 Killdeer Street
16,Cornelle,449 Bobwhite Circle
17,Rosemonde,839 Ludington Circle
18,Matthaeus,88 Sutherland Way
19,Joshia,47419 Hallows Terrace
20,Ferdy,69 Service Parkway
21,Lou,490 International Trail
22,Rodie,097 Arapahoe Junction
23,Crystal,0273 Sage Way
24,May,8 Cody Junction
25,Lyell,3131 Parkside Avenue
26,Benjy,7638 Debra Avenue
27,Gay,91204 Ludington Crossing
28,Ilyse,01702 Lukken Park
29,Haley,6520 Briar Crest Terrace
30,Rik,37 Welch Road
31,Arlette,44 Sloan Plaza
32,Kristen,75 Clove Way
33,Modestia,6377 Oakridge Circle
34,Roderich,8271 Hauk Lane
35,Trevar,535 Drewry Junction
36,Selinda,959 Maywood Alley
37,Marie-ann,2 Golf Drive
38,Sigvard,1 Comanche Parkway
39,Murray,33635 Moose Junction
40,Lisetta,62 Coleman Way
41,Cynthie,75 Knutson Place
42,Pris,2327 Parkside Street
43,Lona,88517 Hoffman Junction
44,Currey,3 Lien Parkway
45,Dill,434 Sutteridge Hill
46,Laurence,44 Cordelia Junction
47,Vernon,4044 Northwestern Crossing
48,Lorinda,5 Buell Pass
49,Bianka,2 Pearson Plaza
50,Pat,41 North Park
51,Vin,31 Cherokee Plaza
52,Haydon,4 Victoria Avenue
53,Siusan,27 Nancy Circle
54,Adina,900 Shopko Street
55,Ardys,51714 Merchant Park
56,Skipton,465 Glacier Hill Drive
57,Guillaume,749 Monument Parkway
58,Rubie,26457 Monterey Circle
59,Rubia,883 Barnett Terrace
60,Benji,8424 Waubesa Pass
61,Daphne,289 Kim Parkway
62,Lettie,15801 Myrtle Crossing
63,Hillyer,07 Wayridge Alley
64,Mara,961 American Ash Avenue
65,Hermy,23 Elgar Alley
66,Baillie,85 Acker Place
67,Merridie,9714 Golf Course Place
68,Zelda,4 Del Sol Point
69,Chryste,2 Bellgrove Drive
70,Masha,7303 Waywood Junction
71,Leigh,77 Bellgrove Drive
72,Hana,16240 Haas Alley
73,Chadd,7 Petterle Circle
74,Hamel,83826 Mandrake Trail
75,Killy,0024 Aberg Place
76,Sidonia,83504 Shoshone Terrace
77,Waylen,5 Orin Road
78,Algernon,8605 2nd Drive
79,Keene,3 Dahle Crossing
80,Tera,56591 South Place
81,Corey,72925 Reinke Street
82,Janeczka,0787 Fair Oaks Circle
83,Arabele,1174 Bultman Pass
84,Blondell,360 Bobwhite Pass
85,Tommi,41 Mesta Way
86,Agata,77 Saint Paul Circle
87,Normand,26917 Hazelcrest Circle
88,Haley,59236 Hermina Terrace
89,Vanya,0799 Montana Circle
90,Shelby,03186 Summerview Street
91,Koenraad,48202 Mallory Hill
92,Eziechiele,61971 Debs Alley
93,Vincenty,63764 Dawn Plaza
94,Mead,17 Rigney Point
95,Darby,3594 Mitchell Park
96,Pietra,6644 Linden Pass
97,Bernie,55 Little Fleur Road
98,Anjela,585 Ridgeview Drive
99,Rupert,92 Bayside Center
100,Christiana,75806 Grim Crossing
101,Sari,71 Graedel Road
102,Lorianna,07376 Sachtjen Circle
103,Nickie,9394 Ohio Terrace
104,Shelbi,1899 Stoughton Way
105,Nestor,5 Old Gate Alley
106,Burt,94 Cascade Junction
107,Kaile,03 Sloan Street
108,Bourke,88907 Meadow Valley Park
109,Mara,2245 Bobwhite Parkway
110,Evanne,5 Oak Valley Way
111,Berk,7 Pennsylvania Terrace
112,Ely,01480 Brickson Park Road
113,Rickert,0399 Elmside Junction
114,Renelle,71528 Ramsey Park
115,Danya,19 Farwell Trail
116,Maura,5 Vidon Alley
117,Katalin,87 Mcbride Hill
118,Gaile,77 Stoughton Plaza
119,Danna,27789 Nancy Court
120,Farlee,92603 Moose Avenue
121,Gusty,23 Rigney Hill
122,Channa,988 Thackeray Trail
123,Jade,737 Golden Leaf Crossing
124,Nissie,6 High Crossing Street
125,Leland,84768 Meadow Vale Lane
126,Nikita,98575 Hanover Junction
127,Candide,18 Westport Court
128,Guglielmo,71402 Eagan Road
129,Avis,98968 Judy Avenue
130,Rurik,3 Butternut Way
131,Maryl,7 Crest Line Street
132,Mariette,6592 3rd Center
133,Latrina,8424 Transport Point
134,Amerigo,09 Northridge Circle
135,Hilly,57 Del Mar Place
136,Burnaby,5886 Mallory Alley
137,Hiram,76 Sycamore Court
138,Demeter,28 6th Plaza
139,Torre,9 Wayridge Junction
140,Cart,3 Ryan Hill
141,Avery,15 Forster Park
142,Ekaterina,8184 Hanover Circle
143,Anna-diana,05785 Shelley Way
144,Kati,2126 Kensington Alley
145,Ilyse,015 Jackson Court
146,Jules,560 Dunning Place
147,Karrah,4 Daystar Road
148,Donelle,67198 Thackeray Place
149,Gannie,7720 Dryden Place
150,Celine,0 Logan Junction
151,Svend,58 Springs Place
152,Odilia,1790 Meadow Vale Circle
153,Dniren,15249 Harbort Hill
154,Babara,23 Straubel Way
155,Jodee,5853 Village Drive
156,Di,47 Namekagon Way
157,Andrus,35816 Ridgeview Drive
158,Gavra,442 Blaine Crossing
159,Heather,754 Susan Junction
160,Raye,11 Schmedeman Circle
161,Ezechiel,681 Bluejay Alley
162,Ephraim,90 Troy Place
163,Sandy,17 Pennsylvania Lane
164,Sheela,41317 Main Terrace
165,Anatola,67195 Gina Circle
166,Kurtis,7 Mendota Parkway
167,Auroora,47 Shelley Crossing
168,Zulema,564 Vahlen Center
169,Lynda,8520 Arrowood Center
170,Valeda,6 Northview Crossing
171,Greggory,931 Hanover Way
172,Collette,973 Atwood Junction
173,Farley,03674 Montana Court
174,Ali,29 Erie Plaza
175,Miriam,6 Moulton Drive
176,Ladonna,60816 Declaration Avenue
177,Beverlee,55 Rowland Lane
178,Ruy,8 Acker Center
179,Linnie,035 Alpine Way
180,Roch,16 Judy Point
181,Killian,26593 Scofield Circle
182,Chanda,604 Utah Court
183,Matthaeus,8545 Gina Plaza
184,Deedee,7147 Crescent Oaks Crossing
185,Anne,3 Charing Cross Avenue
186,Francois,118 Melvin Crossing
187,Sherwynd,2 Reinke Circle
188,Elnar,0 American Lane
189,Jenny,44842 Petterle Lane
190,Rozelle,445 Blue Bill Park Lane
191,Wolf,648 Dennis Point
192,Roscoe,98670 Buhler Road
193,Floria,597 Carberry Alley
194,Stefania,7998 Nelson Place
195,Kalil,131 Judy Alley
196,Ellissa,3623 Warner Center
197,Basile,50885 Kings Pass
198,Carmela,38522 Schlimgen Pass
199,Hill,37836 Corscot Alley
200,Rubetta,35 South Court
201,Doralyn,5 Dawn Road
202,Lea,23 Hoard Center
203,Elsworth,527 Carey Place
204,Stephanus,03 Gina Road
205,Maxie,0035 Vernon Pass
206,Maighdiln,237 Bluejay Parkway
207,Lacee,91 Blue Bill Park Avenue
208,Hetty,4730 Waxwing Park
209,Cull,82329 Banding Way
210,Bertie,3514 Dennis Road
211,Grantley,6695 Annamark Hill
212,Stuart,153 High Crossing Court
213,Crissy,5183 Golden Leaf Alley
214,Conan,2244 Monica Street
215,Siegfried,2089 Bellgrove Lane
216,Dredi,877 Ruskin Circle
217,Heida,88 Alpine Alley
218,Melessa,16263 Waywood Drive
219,Tabbatha,4 Sullivan Street
220,Rorie,1846 Pine View Parkway
221,Yelena,30 Scoville Terrace
222,Denice,919 Cardinal Park
223,Willow,16 Fremont Court
224,Simonne,32 Westerfield Alley
225,Grove,113 Pierstorff Pass
226,Michel,997 Dawn Place
227,Rosy,6147 Miller Alley
228,Nelie,74 Farragut Park
229,Jayne,20 Anhalt Terrace
230,Lira,1 Red Cloud Junction
231,Chickie,2732 Caliangt Drive
232,Dee,336 Red Cloud Way
233,Leonardo,1 Forest Dale Court
234,Lesley,0 Maywood Way
235,Manfred,00 Kennedy Lane
236,Amye,44181 Shelley Trail
237,Kori,82356 Washington Junction
238,Wylma,3 Myrtle Alley
239,Benita,46572 Ilene Avenue
240,Moyna,761 Susan Street
241,Robyn,61243 Red Cloud Way
242,Giulietta,1 Forest Run Terrace
243,Alyda,378 Luster Court
244,Kati,34 Moland Place
245,Neda,02 Carpenter Street
246,Kippie,08 Briar Crest Hill
247,Emera,4 Leroy Place
248,Humfrey,2 Dixon Trail
249,Corbett,63939 Brickson Park Point
250,Rodi,834 Grim Plaza
251,Natasha,74518 Village Green Avenue
252,Flore,3 Monument Plaza
253,Isacco,4 Hagan Street
254,Melinda,9950 Lighthouse Bay Lane
255,Addy,0 Kings Crossing
256,Frayda,65 Swallow Court
257,Otha,945 Troy Park
258,Magdaia,80077 Mallory Crossing
259,Linnet,42 Rowland Crossing
260,Malvina,4 Forster Court
261,Dag,8999 Pleasure Junction
262,Onfre,59 Birchwood Point
263,Nil,722 Tennyson Pass
264,Del,8 Anzinger Center
265,Arabel,01784 Holmberg Plaza
266,Timothy,60574 Granby Circle
267,Jaquenetta,83 Orin Alley
268,Cheston,72 Pleasure Road
269,Rozalie,5 Sunnyside Alley
270,Bevvy,17 Carpenter Crossing
271,Kaylee,561 Rigney Way
272,Curtis,3 Scoville Trail
273,Missy,3 Forest Dale Circle
274,Shelbi,50 Schiller Point
275,Felita,630 Colorado Circle
276,Nalani,808 Kim Circle
277,Putnam,35814 Cordelia Court
278,Winfield,361 Warbler Circle
279,Vonnie,09 Sachs Alley
280,Iggy,9 Ridgeview Center
281,Hatti,2 Charing Cross Drive
282,Lavinia,9241 Steensland Road
283,Immanuel,94 Memorial Terrace
284,Annissa,67 Bowman Terrace
285,Lindsy,83288 Dakota Point
286,Gwendolen,2782 Green Ridge Center
287,Gretal,14498 Old Gate Street
288,Lari,60890 Schlimgen Crossing
289,Athena,898 Porter Pass
290,Erick,2288 Waxwing Parkway
291,Tressa,5789 Sommers Point
292,Herve,07 Carioca Pass
293,Edgard,02 East Center
294,Marlena,6 Schiller Park
295,Kristen,0687 Hudson Way
296,Mercie,34 Bultman Alley
297,Waverly,90 Forster Crossing
298,Meta,158 Kipling Hill
299,Mei,150 Sloan Park
300,Lenette,09970 Red Cloud Trail
301,Alain,7 Carioca Terrace
302,Dehlia,1314 Schmedeman Circle
303,Nike,57087 Maryland Junction
304,Gavin,40 Gina Lane
305,Yuri,181 Declaration Hill
306,Ringo,10 Coolidge Avenue
307,Elena,4 Grayhawk Avenue
308,Kitty,9590 Lyons Trail
309,Del,966 Thackeray Point
310,Lanae,774 Elka Junction
311,Dwain,2449 Tennessee Drive
312,Katerine,923 Browning Circle
313,Cchaddie,4 Manley Hill
314,Rodrick,4 Pierstorff Hill
315,Bernardo,2 Rieder Point
316,Shoshanna,54 Brentwood Circle
317,Dallis,58 Valley Edge Plaza
318,Stesha,7 Anniversary Center
319,Elmer,3 Ilene Alley
320,Marley,7068 Troy Parkway
321,Melisent,1358 Commercial Lane
322,Timoteo,06 Anthes Court
323,Tiff,727 Goodland Lane
324,Kimberly,9 Monterey Junction
325,Jacquelynn,0928 Badeau Avenue
326,Aleta,175 Arkansas Park
327,Mariejeanne,26734 Brentwood Junction
328,Keene,5596 Almo Center
329,Adler,603 Hintze Trail
330,Jaymee,41696 Coolidge Court
331,Rorke,4796 East Park
332,Aurelea,912 Clyde Gallagher Pass
333,Myrle,94576 Springview Drive
334,Melvin,75942 Chive Way
335,Kennedy,40720 Forest Run Lane
336,Sidney,97 Everett Street
337,Ardis,9936 Tennessee Lane
338,Hartwell,67 Morning Terrace
339,Rufus,297 Porter Point
340,Daile,626 Rowland Hill
341,Thoma,7085 Surrey Street
342,Ruggiero,782 Bonner Road
343,Lew,13386 Pawling Pass
344,Denna,598 Merrick Street
345,Paton,59 Morningstar Street
346,Carma,751 Hintze Hill
347,Othelia,28494 Menomonie Point
348,Rania,0024 Rigney Crossing
349,Krispin,5 Lindbergh Drive
350,Mariel,7017 Independence Trail
351,Tess,5748 Golf View Court
352,Josias,63 Blue Bill Park Pass
353,Roanna,698 Gateway Circle
354,Nora,0 Caliangt Drive
355,Zebadiah,6 Dennis Park
356,Morse,41161 Arkansas Court
357,Leia,4932 Bayside Way
358,Dannie,54 Artisan Hill
359,Chrissy,3896 Johnson Parkway
360,Meredithe,09472 Erie Pass
361,Stefano,8 Jana Hill
362,Alicia,9 Nelson Road
363,Anastassia,7171 Glendale Park
364,Gianina,40 Hoffman Alley
365,Lina,61736 Morrow Circle
366,Darline,422 Old Gate Way
367,Odella,65 Florence Terrace
368,Alayne,81 Grasskamp Circle
369,Inger,38774 Washington Circle
370,Dorene,12539 Valley Edge Place
371,Eveline,0 Dennis Street
372,Ebba,2 Thompson Court
373,Tersina,30 Fallview Lane
374,Antonius,41 Claremont Trail
375,Brook,6 Eggendart Parkway
376,Dacie,45 Ruskin Crossing
377,Bryon,951 Barby Center
378,Giorgio,63728 Veith Center
379,Sula,8 Homewood Drive
380,Chip,216 Sunbrook Place
381,Pren,1 Kipling Lane
382,Stefanie,124 Barby Circle
383,Judy,97 Buhler Hill
384,Iris,72 Bowman Lane
385,Judon,941 Maywood Point
386,Rania,39577 North Circle
387,Port,9 Mayfield Street
388,Ilise,413 Portage Court
389,Kariotta,3428 Superior Plaza
390,Kliment,5 Cottonwood Court
391,Manfred,9 Declaration Junction
392,Trev,968 Washington Trail
393,Mitzi,712 Homewood Alley
394,Clarita,26682 Florence Avenue
395,Adolphus,873 Hansons Pass
396,Ferrell,541 Corscot Hill
397,Bette-ann,59091 Stephen Point
398,Koren,2437 Columbus Trail
399,Torrance,8499 Coleman Trail
400,Cosetta,74 Montana Lane
401,Sidnee,88741 Macpherson Parkway
402,Jard,06901 Nova Center
403,Dori,5 Heath Center
404,Debee,9 Leroy Lane
405,Sharlene,0 Brown Center
406,Dari,0751 Monument Way
407,Herold,0 Ridgeview Lane
408,Tom,43 5th Court
409,Viki,777 Mcbride Parkway
410,Gillan,25 Ridge Oak Lane
411,Karel,2 Anthes Hill
412,Johnette,4 Menomonie Parkway
413,Dahlia,9425 Orin Center
414,Miquela,308 1st Avenue
415,Lyon,85 Everett Terrace
416,Edvard,47862 Cordelia Avenue
417,Elwin,97134 Corry Street
418,Kellen,9 Debs Pass
419,Jules,5 Tennyson Parkway
420,Cletis,0 Moulton Alley
421,Shannen,111 Darwin Pass
422,Yettie,3 Ilene Lane
423,Cristiano,4469 Brentwood Avenue
424,Mimi,72 Graceland Lane
425,Venus,593 Mariners Cove Place
426,Dilan,58467 1st Point
427,Templeton,752 Pepper Wood Terrace
428,Fanchette,1712 Brown Lane
429,Lyle,2277 Vahlen Plaza
430,Paddie,09 Russell Junction
431,Kellen,63540 Center Road
432,Tremayne,3 Nelson Plaza
433,Abigail,366 Merrick Lane
434,Elliott,95 Mendota Avenue
435,Dare,46 Debra Point
436,Odette,638 Tennessee Park
437,Anne-corinne,7 Claremont Park
438,Saxon,610 Butterfield Place
439,Hilarius,4 Menomonie Alley
440,Luise,6 Brentwood Way
441,Burty,83 Crescent Oaks Avenue
442,Shermy,076 Portage Street
443,Leonhard,86670 Weeping Birch Court
444,Dallon,0 Elmside Drive
445,Marion,9740 Ridgeview Junction
446,Royall,826 Welch Avenue
447,Hercules,1 Marquette Junction
448,Roxi,9 Melody Place
449,Melessa,19 Calypso Plaza
450,Nigel,65935 Morningstar Hill
451,Krystle,87015 Paget Plaza
452,Mame,5371 Bluejay Avenue
453,Rolph,920 Forster Street
454,Celle,7343 Del Sol Trail
455,Rachel,1 Lillian Street
456,Bart,58 Grover Terrace
457,Anabel,7842 Raven Hill
458,Camilla,99 Troy Court
459,Ranique,8964 Lunder Center
460,Arther,030 Milwaukee Avenue
461,Weylin,52 Mockingbird Hill
462,Fred,3135 Calypso Crossing
463,Drugi,52797 Continental Center
464,Baldwin,2 Helena Terrace
465,Koralle,28 Meadow Ridge Drive
466,Gannie,3443 Petterle Junction
467,Ashia,67719 Cody Trail
468,Charis,5334 Grasskamp Plaza
469,Corene,171 Texas Hill
470,Garth,0423 Corry Road
471,Law,4 Eastlawn Parkway
472,Merwin,556 Kennedy Road
473,Carry,080 Springs Way
474,Dominic,40870 Buell Drive
475,Mendie,3 Stuart Drive
476,Bree,92 Ramsey Avenue
477,Pincus,94 Moland Way
478,Mariska,50 Union Point
479,Myrlene,4 Debra Point
480,Jaime,149 Redwing Crossing
481,Barry,52075 Nelson Junction
482,Ozzie,356 Ramsey Center
483,Alisun,5360 Swallow Avenue
484,Israel,2 Heffernan Point
485,Chickie,56 Fuller Street
486,Sophronia,3283 Ronald Regan Pass
487,Tory,02275 Brown Drive
488,Etienne,9 Lerdahl Point
489,Deidre,094 Lyons Parkway
490,Luce,3248 Garrison Lane
491,Alie,9 Lien Road
492,Vaughan,02 Monica Junction
493,Esme,8059 Saint Paul Crossing
494,Annabel,016 Weeping Birch Crossing
495,Izzy,23929 Mesta Hill
496,Andra,250 Eagan Street
497,Johannah,86 Bluestem Trail
498,Aaren,53460 4th Lane
499,Woodrow,117 Hagan Terrace
500,Datha,65 Ruskin Park
501,Kayley,89 8th Parkway
502,Etheline,59 Prairie Rose Parkway
503,Marita,3 Monterey Court
504,Addie,0 Redwing Terrace
505,Edgard,9701 Valley Edge Court
506,Stefan,14734 Summer Ridge Court
507,Chas,5 Graedel Avenue
508,Cecil,8838 Menomonie Plaza
509,Jesse,642 Montana Pass
510,Kylen,1 Maple Wood Way
511,Maressa,3 Macpherson Parkway
512,Karel,86 Orin Way
513,Billy,11 Melody Center
514,Lindsey,08033 Pawling Avenue
515,Fidelio,3 West Avenue
516,Sheila,720 Bowman Drive
517,Nina,53 Red Cloud Plaza
518,Bertine,79 Jenifer Circle
519,Hedvige,891 Northwestern Point
520,Griff,98528 Milwaukee Lane
521,Mamie,2093 Charing Cross Street
522,Jessika,72767 Randy Circle
523,Barnaby,30695 Superior Street
524,Gibb,030 Manufacturers Street
525,Emelen,22 Clyde Gallagher Avenue
526,Merilyn,0 Sommers Alley
527,June,85 Stoughton Pass
528,Markus,05630 Sachs Lane
529,Gaspard,48 Village Parkway
530,Veronike,099 Donald Pass
531,Maximilien,7 Coolidge Court
532,Maryanna,35 Gulseth Junction
533,Beth,835 Pond Parkway
534,Ingaberg,054 Hintze Center
535,Loydie,766 Reinke Avenue
536,Mariska,68 Hauk Drive
537,Cly,68783 Union Circle
538,Cherry,5 Dawn Lane
539,Clementina,990 Bellgrove Drive
540,Jarrad,6649 Petterle Junction
541,Cecilla,3 Prairieview Point
542,Cort,03 Quincy Trail
543,Roxana,3 Miller Center
544,Diandra,352 Mitchell Circle
545,Ferdinande,5 Amoth Alley
546,Peirce,429 Porter Drive
547,Consuela,9 Mcbride Drive
548,Renae,34034 Northport Road
549,Mathilda,41 Texas Plaza
550,Elfreda,32857 Oakridge Place
551,Karrie,08368 Springview Way
552,Danice,9 Pond Avenue
553,Donal,132 Sauthoff Circle
554,Jackie,5117 Farmco Circle
555,Poul,465 Starling Alley
556,Bette-ann,7 Riverside Road
557,Katina,77487 Anhalt Point
558,Grazia,918 Green Ridge Lane
559,Mala,5493 Melvin Place
560,Katha,9245 Burning Wood Parkway
561,Esther,309 Farwell Center
562,Cris,5117 Canary Alley
563,Juieta,16 Paget Street
564,Adlai,4960 Weeping Birch Court
565,Thorpe,5 Anhalt Point
566,Travers,67797 Kings Plaza
567,Alica,2 Carberry Plaza
568,Alley,750 Pearson Junction
569,Wilburt,32475 Hoard Lane
570,Antons,9209 Village Green Terrace
571,Ilario,91719 6th Place
572,Hewet,08055 Utah Alley
573,Link,8 Caliangt Point
574,Erroll,6259 Coolidge Drive
575,Paxton,5 Hudson Plaza
576,Nealy,049 Miller Street
577,Gus,16266 Carpenter Junction
578,Bryn,3 Westend Parkway
579,Berton,39735 4th Drive
580,Saleem,76810 Fulton Road
581,Aharon,278 Carpenter Avenue
582,Mahalia,9 Kim Court
583,Gabbey,6 Melrose Parkway
584,Farra,80913 Lindbergh Plaza
585,Bertina,97 Mcbride Terrace
586,Addison,547 Onsgard Trail
587,Marian,69683 Fallview Drive
588,Wheeler,7 Cody Court
589,Alethea,4 Thackeray Drive
590,Orren,25 Welch Court
591,Addie,3057 Kim Avenue
592,Hillier,43 Eliot Center
593,Ester,1834 Hoard Road
594,Rockie,742 Fairview Street
595,Ebony,9712 Hudson Terrace
596,Yolane,3748 Anniversary Trail
597,Noreen,994 Saint Paul Plaza
598,Delaney,36 Cascade Pass
599,Ashien,60 Delladonna Lane
600,Carson,5935 Judy Circle
601,Nettie,521 Hermina Avenue
602,Kele,72733 Stephen Way
603,Grenville,11 Westport Avenue
604,Nonna,844 Eagan Lane
605,Sula,2030 Boyd Crossing
606,Barbie,768 Havey Place
607,Toddy,1763 Straubel Crossing
608,Salvador,97 Hanson Alley
609,Odelle,706 Kedzie Street
610,Laurette,12 Sunnyside Avenue
611,Carry,8241 Scoville Place
612,Claudetta,57260 Union Drive
613,Kettie,5203 Eagan Point
614,Ilse,229 Leroy Street
615,Marielle,44648 Sherman Center
616,Carolyne,8 Johnson Point
617,Alvira,8903 Westport Way
618,Darcy,60934 Acker Terrace
619,Lammond,53426 Russell Street
620,Filippo,4503 Moland Road
621,Gerrard,9 Arapahoe Drive
622,Emelyne,4244 Hayes Pass
623,Madlin,37 Havey Avenue
624,Lesley,9413 Mesta Point
625,Meredeth,73028 Helena Street
626,Bron,5785 Summerview Center
627,Prince,5 Sheridan Avenue
628,Jenda,61375 Monterey Plaza
629,Nike,9558 Arapahoe Trail
630,Joletta,43375 Darwin Avenue
631,Ewell,1 Carpenter Street
632,Flossy,94 Hallows Pass
633,Sharona,9100 Hollow Ridge Park
634,Brynne,72 Oriole Avenue
635,Nels,40 Johnson Terrace
636,Ruperto,5280 Cottonwood Avenue
637,Emelen,88370 Lerdahl Point
638,Emili,30422 Buena Vista Way
639,Minny,8 Caliangt Avenue
640,Tomlin,722 Orin Place
641,Oswell,70126 Larry Street
642,Codi,54 Kings Place
643,Rance,02 Kedzie Point
644,Xenia,4 Fisk Street
645,Maury,23378 Amoth Point
646,Gary,116 Mitchell Center
647,Quinta,40 Dovetail Junction
648,Kennan,1 Lillian Road
649,Peggi,2 Kedzie Pass
650,Pacorro,8085 Morning Junction
651,Timmie,5325 Iowa Way
652,Queenie,62 1st Park
653,Aviva,44704 Anzinger Lane
654,Alex,61 Rieder Pass
655,Anjela,1 Fuller Junction
656,Jolee,909 Hanson Junction
657,Dita,305 Moland Terrace
658,Belia,23120 Green Ridge Parkway
659,Damara,7257 Upham Circle
660,Karleen,65722 Norway Maple Junction
661,Tanitansy,225 Mesta Center
662,Alia,3 Saint Paul Crossing
663,Errol,00 Vera Pass
664,Vilma,1762 Superior Point
665,Maxi,060 Chinook Parkway
666,Arne,7 Redwing Pass
667,Linnie,14 Park Meadow Park
668,Cloris,2622 Merry Plaza
669,Chelsey,1652 David Alley
670,Jan,2058 Talisman Plaza
671,Robb,7651 Lakeland Crossing
672,Elvyn,12247 Beilfuss Center
673,Scottie,01434 Blackbird Street
674,Carie,9398 Kensington Avenue
675,Jim,74192 Veith Point
676,Kenneth,57 Prentice Crossing
677,Bernarr,23030 Scott Place
678,Lynnell,21 Pennsylvania Road
679,Reyna,19 South Road
680,Georg,5 Glacier Hill Place
681,Garik,8 Pankratz Avenue
682,Jennifer,4304 Goodland Court
683,Juliane,06 Washington Lane
684,Valdemar,524 Rutledge Crossing
685,Alica,87266 Kropf Center
686,Merlina,3 Huxley Plaza
687,Bayard,8861 Straubel Street
688,Dorine,851 Melvin Street
689,Benedicto,1567 Porter Alley
690,Regan,53894 Pine View Street
691,Jdavie,8521 Bunker Hill Park
692,Adena,50259 Merchant Center
693,Quillan,25 Oxford Circle
694,Reggi,6810 Lighthouse Bay Plaza
695,Philis,14 Petterle Court
696,Alisa,1478 Hayes Pass
697,Evy,2 8th Point
698,Genny,922 Trailsway Place
699,Liv,28119 Forster Way
700,Jandy,56045 Surrey Terrace
701,Kalila,64813 Mockingbird Court
702,Dorothee,9267 Fremont Drive
703,Sanford,8749 Prentice Hill
704,Ferguson,449 Bobwhite Circle
705,Katie,08440 High Crossing Street
706,Amii,28 Dayton Center
707,Roley,14 Continental Lane
708,Cariotta,199 Arapahoe Road
709,Shayna,1603 Aberg Street
710,Cammie,1753 Lillian Parkway
711,Forster,6 Blue Bill Park Center
712,Luis,686 Hansons Plaza
713,Laurie,8739 Buena Vista Drive
714,Kamila,3 Evergreen Hill
715,Randie,07 Holy Cross Park
716,Jeanette,72 Trailsway Alley
717,Jaquenetta,99 Eggendart Trail
718,Lilia,0 Alpine Park
719,Richardo,16 Dexter Junction
720,Sanson,0 Burrows Point
721,Shermie,770 Garrison Hill
722,Norrie,4 Surrey Road
723,Dara,46 Dryden Way
724,Hedvig,520 Jana Terrace
725,Rosalyn,5324 High Crossing Road
726,Sherill,38093 Talmadge Road
727,Gus,27337 Grasskamp Circle
728,Imojean,57 Havey Point
729,Henriette,2 Waywood Trail
730,Thurstan,9790 Iowa Point
731,Ileana,65 Sauthoff Road
732,Celene,3635 Ludington Avenue
733,Corly,07836 Hallows Drive
734,Romonda,7317 High Crossing Crossing
735,Wolfie,13 Oxford Center
736,Ruddie,4 Elgar Center
737,Kellia,17 Jenna Circle
738,Rodolphe,49852 Hazelcrest Center
739,Lorettalorna,04 Dennis Terrace
740,Ed,6071 Thackeray Lane
741,Nedda,202 Tomscot Point
742,Barbette,14975 Bayside Pass
743,Buddie,291 Marquette Alley
744,Terrye,92 Coolidge Point
745,Bonny,34 Dorton Park
746,Stella,10 Schiller Pass
747,Guglielmo,4528 Rusk Terrace
748,Jorge,6004 Straubel Road
749,Saundra,43 Mayfield Trail
750,Thalia,1091 Huxley Parkway
751,Randal,8774 Debra Place
752,Zachary,7 Old Gate Road
753,Zacherie,49653 Texas Drive
754,Buck,8542 Stone Corner Street
755,Rutger,36 Delladonna Plaza
756,Drona,24 Menomonie Parkway
757,Dino,7249 Cottonwood Trail
758,Amalea,885 Ruskin Street
759,Franni,6875 Jenna Road
760,Catharina,2 Fordem Hill
761,Jasper,3294 Ludington Parkway
762,Ruby,68102 Lake View Terrace
763,Alfonso,593 Garrison Circle
764,Eliza,59 Lyons Place
765,Vin,4 Crescent Oaks Place
766,Vern,57 Killdeer Point
767,Elke,520 Canary Terrace
768,Padraig,7613 Lerdahl Avenue
769,Ingamar,74433 Ilene Hill
770,Thomasina,20 Canary Park
771,Ulberto,22 Pond Drive
772,Torr,84 Manitowish Court
773,Ardra,62218 Loomis Court
774,Paolo,8 Monument Point
775,Joscelin,5 3rd Hill
776,Benjamen,63214 Thierer Parkway
777,Merry,1340 Mendota Court
778,Martyn,337 Alpine Point
779,Anselm,38 Center Hill
780,Gilli,4385 Maryland Park
781,Tonya,081 Ridge Oak Point
782,Cleo,198 Aberg Avenue
783,Georges,53903 Grim Circle
784,Lurleen,3 Oak Valley Plaza
785,Terrell,31449 Pine View Terrace
786,Alexio,825 Hanson Crossing
787,Gill,2193 Sachtjen Terrace
788,Catherina,9352 Blackbird Pass
789,Ulrikaumeko,9504 Morning Center
790,Aylmer,76998 Clyde Gallagher Terrace
791,Jacquelin,1 Red Cloud Junction
792,Mattie,89 Rigney Drive
793,Clemence,0337 Mariners Cove Drive
794,Leora,379 Riverside Terrace
795,Timothy,28 Glacier Hill Alley
796,Essie,7830 Rieder Lane
797,Lucretia,9 Roxbury Place
798,Alistair,1 Almo Road
799,Hadria,9034 Maywood Terrace
800,Viviana,88648 Oriole Road
801,Mufinella,86770 Oakridge Circle
802,Olwen,5512 Vidon Road
803,Zahara,1227 Mosinee Alley
804,Kalinda,8605 Ridgeway Road
805,Lissy,39 Shelley Trail
806,Claiborn,49 Roth Lane
807,Ruttger,6 Fisk Park
808,Brittaney,026 Coleman Plaza
809,Christel,1750 Anderson Terrace
810,Virgina,7 Marquette Parkway
811,Miof mela,4 Sachs Lane
812,Barry,05734 Russell Court
813,Jae,5060 Hollow Ridge Circle
814,Fernande,7056 Sunnyside Crossing
815,Erwin,8605 Lindbergh Point
816,Jarrad,6 Thackeray Drive
817,Marena,1402 Darwin Plaza
818,Vite,8 Ruskin Park
819,Barri,91 Laurel Place
820,Spike,4 Old Shore Road
821,Lenette,848 Hanover Center
822,Rosella,7766 Darwin Trail
823,Annnora,982 Cascade Avenue
824,Bondie,21125 Straubel Park
825,Shoshana,62 Jackson Drive
826,Eal,4 Summerview Road
827,Peder,4 Nobel Trail
828,Moise,85250 Utah Point
829,Quent,4 Magdeline Place
830,Ansell,41304 Summer Ridge Avenue
831,Christos,362 Armistice Trail
832,Dominick,5472 Algoma Pass
833,Kristos,49185 Mesta Lane
834,Gerrie,133 Brickson Park Terrace
835,Wolfie,1788 Ilene Circle
836,Ringo,85 8th Crossing
837,Melessa,47996 Lakeland Crossing
838,Briney,96 Hagan Point
839,Cathi,309 Granby Parkway
840,Edi,8 Mcbride Center
841,Regen,771 Kennedy Point
842,Louise,768 Grim Crossing
843,Normand,0 Algoma Junction
844,Burch,96 Scofield Place
845,Judd,7 Canary Junction
846,Carlen,6020 Golf View Way
847,Ailina,1616 Acker Hill
848,Staci,20 Express Court
849,Eleanora,332 Southridge Parkway
850,Osbourne,0 Warner Way
851,Carlynn,80555 Lunder Way
852,Marjy,958 Kipling Drive
853,Livvy,56158 Bunker Hill Center
854,Cherlyn,0 Oneill Place
855,Nadean,2 Dryden Way
856,Evangelina,8120 Blackbird Terrace
857,Sergei,948 Mifflin Plaza
858,Pyotr,67 Oak Valley Hill
859,Krishnah,97 Dorton Plaza
860,Daryn,4938 Golf Point
861,Annadiane,31743 Crest Line Pass
862,Roy,7 Butternut Lane
863,Irita,741 Bultman Point
864,Munmro,26575 Esker Junction
865,Aili,7 Buhler Place
866,Andriana,4508 Anhalt Hill
867,Miranda,59477 Prairieview Court
868,Hastings,775 Trailsway Trail
869,Shanda,40 Hovde Avenue
870,Wynn,97 Dovetail Drive
871,Dulcie,680 Raven Lane
872,Levon,48277 Farwell Circle
873,Clio,56 Esch Way
874,Karlie,602 Lien Road
875,Ragnar,03037 Stoughton Junction
876,Tandi,11 Eggendart Pass
877,Spenser,2 Mallory Parkway
878,Valerye,0 Shasta Way
879,Rina,3068 Magdeline Park
880,Hatti,21515 Kipling Center
881,Portie,8598 Gerald Junction
882,Lanette,5 Vidon Place
883,Penrod,211 Bunting Way
884,Wilbur,4308 Dixon Street
885,Lorens,0501 Transport Point
886,Dom,77 Amoth Park
887,Tobye,90 Meadow Vale Drive
888,Napoleon,0 Elka Center
889,Cesaro,3062 Manley Alley
890,Renaldo,7883 Commercial Avenue
891,Gillian,97 Old Shore Hill
892,Terrijo,2433 Lakeland Pass
893,Vikky,79 Monterey Crossing
894,Benjamin,06348 Prentice Point
895,Georgine,13 Scoville Circle
896,Gussie,2022 Atwood Pass
897,Daryn,98 Farmco Terrace
898,Siouxie,1646 Onsgard Trail
899,Pearla,23 Vahlen Crossing
900,Lauraine,980 Merchant Road
901,Ozzy,15 Lindbergh Alley
902,Cherilynn,95492 Arkansas Terrace
903,Lamont,57 Duke Place
904,Cordula,50 Onsgard Road
905,Amble,72822 Fuller Circle
906,Bernie,22 Kropf Court
907,Kittie,0852 Everett Place
908,Northrop,5327 Victoria Pass
909,Timotheus,169 Maywood Center
910,Jesse,4 Northview Center
911,Brietta,1453 Roxbury Place
912,Mildred,857 Westridge Center
913,Melicent,53 Nancy Place
914,Ines,596 Graceland Alley
915,Kakalina,581 Spohn Hill
916,Irita,43712 Dovetail Drive
917,Sallee,360 Walton Court
918,Grazia,30 Prairieview Point
919,Borg,4 Pleasure Road
920,Elisha,417 Forest Dale Terrace
921,Boris,83 Eagle Crest Crossing
922,Kennan,8 Farragut Court
923,Jazmin,467 Harper Terrace
924,Skippie,7270 Eggendart Center
925,Eduard,70 Reindahl Circle
926,Jyoti,1081 Truax Drive
927,Neils,46970 Meadow Valley Street
928,Nichole,751 Canary Parkway
929,Jarrad,45853 Transport Pass
930,Arlen,8660 Golf View Point
931,Julianna,944 Service Street
932,Ludvig,14 Tennyson Hill
933,Mahmud,971 Mayer Avenue
934,Robin,2735 Coleman Park
935,Lane,29 Parkside Plaza
936,Velma,3955 Hazelcrest Pass
937,Marget,7698 Nelson Trail
938,Andie,63 Spaight Crossing
939,Matti,89018 Hallows Circle
940,Merilyn,41 Bunker Hill Way
941,Fredric,4 Kropf Hill
942,Dulci,2 Melrose Place
943,Kevyn,78812 Forest Court
944,Melicent,4927 Glacier Hill Crossing
945,Dev,06293 Cascade Street
946,Celle,49924 Sugar Way
947,Clive,088 4th Road
948,Dorree,1 Myrtle Way
949,Donnamarie,904 Cordelia Street
950,Eran,376 Debra Lane
951,Idalia,29 Spenser Street
952,Briana,9353 Emmet Plaza
953,Alfonso,6849 Huxley Drive
954,Delmar,48445 Moulton Pass
955,Filberto,19184 Sunbrook Avenue
956,Fionna,3213 Eagle Crest Junction
957,Raddie,136 Surrey Circle
958,Jocelyne,5 Longview Circle
959,Kienan,2641 Sutherland Point
960,Sharla,25 Westport Lane
961,Jasper,26 Carberry Lane
962,Nerty,043 Warner Trail
963,Catherina,9855 Bartelt Road
964,Talbot,195 Stephen Terrace
965,Odille,63 American Lane
966,Gustave,63478 Amoth Center
967,Kale,65 Bellgrove Road
968,Carmina,29 Butternut Lane
969,Gilda,3887 Florence Circle
970,Coleman,4 Mandrake Alley
971,Tonie,57645 Clarendon Pass
972,Bartholomeus,2 Maple Wood Avenue
973,Henryetta,7188 Division Place
974,Erie,555 Monica Center
975,Francesca,0052 Dwight Junction
976,Berte,40 Ridgeview Park
977,Roger,8 Pine View Parkway
978,Padgett,4960 Morrow Circle
979,Darnall,69 Porter Alley
980,Albert,5644 Schiller Drive
981,Elenore,1 Holy Cross Street
982,Karee,77 Eastlawn Center
983,Gene,95 Reinke Terrace
984,Stevie,613 Randy Center
985,Welsh,86914 Elka Avenue
986,Keane,65 Elka Trail
987,Carroll,5974 Sunbrook Crossing
988,Lloyd,51 Alpine Parkway
989,Barrie,5 Debs Junction
990,Gaultiero,9011 Bartelt Place
991,Alanson,398 Marcy Center
992,Chancey,599 Del Sol Avenue
993,Nananne,943 Declaration Crossing
994,Korrie,989 Express Park
995,Chester,01365 Brickson Park Road
996,Wat,38972 Crescent Oaks Park
997,Shayla,49 Main Junction
998,Willard,408 Mayer Drive
999,Vincent,888 Merry Junction
1000,Gilbertina,9 Warner Parkway
